No,category,Tags,room_type,description,Quantité,unit,unit_price,Total,,,,,,,
1.,Divers,PREPARATION,general,Mise en place de protection des accès extérieurs pour travaux d'évacuation des divers matériaux,1.00,en bloc,0.00, 	-   ,,,,,,,
2.,Divers,PREPARATION,general,Mise en place de protections de sol de type Permafix autocollant et/ou protections cartonnées avant travaux,1.00,en bloc,0.00, 	-   ,,,,,,,
3.,Divers,PREPARATION,general,"Mise en place de protections de sol de type panneaux Pavatex et panneaux de coffrage au sol avant travaux de démolition, ou démolition soignée pour prévention de chute des éléments",1.00,en bloc,0.00, 	-   ,,,,,,,
4.,Divers,PREPARATION,general,"Mise en place de protections de sol de type Permafix autocollant y compris pavatex sur l'ensemble du XXX pour protection du parquet en place, y compris pose de bande autocollante en périphérie pour protections anti-poussière",1.00,en bloc,455.00, 	455.00 ,,,,,,,
5.,Divers,PREPARATION,general,Nettoyage hebdomadaire en fin de semaine des accès extérieurs,1.00,en bloc,0.00, 	-   ,,,,,,,
6.,Divers,PREPARATION,general,"Pont-Roulant, hauteur de travail maximum 5m - Manutention, montage, ajustement, mise à disposition le temps des travaux, démontage et évacuation - En cas d'utilisation par une entreprise tiers, la modification du pont roulant est strictement interdites, nous déclinons toutes responsabilités en cas de modifications non autorisées",1.00,en bloc,570.00, 	570.00 ,,,,,,,
7.,Divers,PREPARATION,general,Mise en place des bennes de chantier pour travaux de démontage et évacuation y compris transport aller/retour et taxes ou transport en camionnette à pont ouvert si accès restreint,1.00,pcs,1265.00, 	1'265.00 ,,,,,,,
8.,Divers,PREPARATION,general,"Pour permettre le sciage des carreaux de marbre et/ou pierre, mise à disposition de la machine à eau, manutention, mise en place de protections de sol et entretient de celles-ci, montage et remplissage de la machine, ratio d'usure pour le disque diamant, vidage et nettoyage de la zone après travaux et protections", 	1.00 ,en bloc, 	1'230.00 , 	1'230.00 ,,,,,,,
,,PREPARATION,general,,,,,,,,,,,,
,,PREPARATION,general,,,,,,,,,,,,
9.,Démolitions,PREPARATION,general,"Piquage du carrelage (hors désamiantage), mise en sac  et évacuation des gravats, y compris taxes de recyclage",1.00,en bloc,50.00, 	50.00 ,,,,,,,
10.,Démolitions,PREPARATION,general,"Dépose d'un muret de baignoire - évacuation, y compris taxes de recyclage",1.00,en bloc,150.00, 	150.00 ,,,,,,,
11.,Démolitions,PREPARATION,general,"Dépose d'un socle de douche - évacuation, y compris taxes de recyclage",1.00,en bloc,100.00, 	100.00 ,,,,,,,
12.,Démolitions,PREPARATION,general,"Dépose d'un muret de WC encastré- évacuation, y compris taxes de recyclage",1.00,en bloc,150.00, 	150.00 ,,,,,,,
13.,Démolitions,PREPARATION,general,"Arrachage de la moquette, découpe, mise en sac, manutention, évacuation à la décharge et taxes de traitement des déchets",1.00,m2,13.00, 	13.00 ,,,,,,,
14.,Démolitions,PREPARATION,general,"Arrachage du lino, découpe, mise en sac, manutention, évacuation à la décharge et taxes de traitement des déchets",1.00,m2,13.00, 	13.00 ,,,,,,,
15.,Démolitions,PREPARATION,general,"Arrachage du parquet, sciage, mise en sac, manutention, évacuation à la décharge et taxes de traitement des déchets",1.00,m2,18.00, 	18.00 ,,,,,,,
16.,Démolitions,PREPARATION,general,"Arrachage des plinthes, sciage, mise en sac, manutention, évacuation à la décharge et taxes de traitement des déchets",1.00,en bloc,0.00, 	-   ,,,,,,,
17.,Démolitions,PREPARATION,general,"Ponçage de la chape pour élimination des résidus de colle, balayage et aspiration",1.00,m2,7.00, 	7.00 ,,,,,,,
18.,Démolitions,PREPARATION,general,"Arrachage du papier de type ingrain ou scandatex, mise en sac, évacuation à la décharge et taxes de traitement des déchets",1.00,m2,10.00, 	10.00 ,,,,,,,
19.,Démolitions,PREPARATION,general,"Démolition, mise en sac, manutention, évacuation à la décharge et taxes de traitement des déchets",1.00,en bloc,0.00, 	-   ,,,,,,,
20.,Démolitions,PREPARATION,general,"Démolition, mise en sac, manutention, évacuation à la décharge et taxes de traitement des déchets",1.00,en bloc,0.00, 	-   ,,,,,,,
21.,Démolitions,PREPARATION,general,"Démolition, mise en sac, manutention, évacuation à la décharge et taxes de traitement des déchets",1.00,en bloc,0.00, 	-   ,,,,,,,
22.,Démolitions,PREPARATION,general,"Démolition, mise en sac, manutention, évacuation à la décharge et taxes de traitement des déchets",1.00,en bloc,0.00, 	-   ,,,,,,,
23.,Démolitions,PREPARATION,general,"Démolition, mise en sac, manutention, évacuation à la décharge et taxes de traitement des déchets",1.00,en bloc,0.00, 	-   ,,,,,,,
,,PREPARATION,general,,,,,,,,,,,,
,,PREPARATION,general,,,,,,,,,,,,
24.,Démontages spécifiques,PREPARATION,general,"Démolition, sciage et mise en sac et manutention du mobilier de cuisine, y compris évacuation à la décharge et taxe de recyclage des déchets",1.00,en bloc,450.00, 	450.00 ,,,,,,,
25.,Démontages spécifiques,PREPARATION,general,Démontage et évacuation à la décharge des éléments électroménagers y compris taxes de recyclage,1.00,en bloc,350.00, 	350.00 ,,,,,,,
26.,Démontages spécifiques,PREPARATION,general,"Démolition, sciage et mise en sac et manutention des armoires, y compris évacuation à la décharge et taxe de recyclage des déchets",1.00,en bloc,450.00, 	450.00 ,,,,,,,
27.,Démontages spécifiques,PREPARATION,general,"Dépose de porte et cadre de porte, sciage, manutention, évacuation à la décharge et taxes de traitement des déchets",1.00,pcs,150.00, 	150.00 ,,,,,,,
28.,Démontages spécifiques,PREPARATION,general,"Démontage soigné du cadre de porte et de la porte pour récupération (hors pose ultérieure), soit ponçage et grattage des points d'assemblage, mise en place d'éléments provisoires de soutien et démontage minutieux, éventuellement découpe des parties en impostes et sous plancher",1.00,pcs,435.00, 	435.00 ,,,,,,,
,,PREPARATION,general,,,,,,,,,,,,
,,PREPARATION,general,,,,,,,,,,,,
29.,Ouvertures dans murs non porteurs,PREPARATION,general,"Exécution d'une ouverture par sciage dans le mur , mise en sac, manutention, évacuation à la décharge et taxes de traitement des déchets",1.00,en bloc,450.00, 	450.00 ,,,,,,,
30.,Ouvertures dans murs non porteurs,PREPARATION,general,"Exécution d'une ouverture par sciage dans le mur , mise en sac, manutention, évacuation à la décharge et taxes de traitement des déchets, y compris sciage d'empochement, pose de linteau type Stahlton et scellement au mortier",1.00,en bloc,765.00, 	765.00 ,,,,,,,
,,PREPARATION,general,,,,,,,,,,,,
,,PREPARATION,general,,,,,,,,,,,,
31.,Ouvertures dans mur porteur,PREPARATION,general,"Installation de chantier, déplacement, prise de mesure et mise à pied d'œuvre du matériel",1.00,en bloc,350.00, 	350.00 ,,,,,,,
32.,Ouvertures dans mur porteur,PREPARATION,general,"Mise en place d'un étayage des deux côtés, y compris protections",1.00,en bloc,265.00, 	265.00 ,,,,,,,
33.,Ouvertures dans mur porteur,PREPARATION,general,"Mise en place de protection plastique pour récupération des eaux de sciage, retrait et nettoyage de la zone",1.00,en bloc,655.00, 	655.00 ,,,,,,,
34.,Ouvertures dans mur porteur,PREPARATION,general,Sciage d'une couverte en BA,1.00,en bloc,1985.00, 	1'985.00 ,,,,,,,
35.,Ouvertures dans mur porteur,PREPARATION,general,"Carottages de fin de coupes, dim 150mm X 18cm ép.",4.00,pces,185.00, 	740.00 ,,,,,,,
36.,Ouvertures dans mur porteur,PREPARATION,general,Débitage en blocs transportables,1.00,en bloc,365.00, 	365.00 ,,,,,,,
37.,Ouvertures dans mur porteur,PREPARATION,general,Manutention et évacuation des déchets y compris taxes de recyclage,1.00,en bloc,450.00, 	450.00 ,,,,,,,
38.,Ouvertures dans mur porteur,PREPARATION,general,"Fourniture d'un profil HEB 100 X 2,20m et exécution d'un traitement antirouille, y compris manutention à 4 ouvriers, mise en place et scellement",1.00,en bloc,2350.00, 	2'350.00 ,,,,,,,
,,PREPARATION,general,,,,,,,,,,,,
,,PREPARATION,general,,,,,,,,,,,,
39.,Suppression d'une cloison,PREPARATION,general,"Démolition de la cloison légère entre XXX et XXX, mise en sac, manutention, évacuation à la décharge et taxes de traitement des déchets",1.00,en bloc,0.00, 	-   ,,75frs/m2,,,,,
40.,Suppression d'une cloison,PREPARATION,general,"Rhabillage du plafond en raccord avec le plafond de la XXX et de la XXX, soit application d'une couche d'accrochage, enduisage et lisage au plâtre, y compris ponçage des surface en raccord au plus approchant",1.00,bloc,0.00, 	-   ,,,,,,,
41.,Suppression d'une cloison,PREPARATION,general,Application d'une couche de fond pour peinture sur nouveau support plâtre,1.00,bloc,0.00, 	-   ,,,,,,,
42.,Suppression d'une cloison,PREPARATION,general,"Rhabillage de l'angle du mur de la XXX suite à la démolition du mur de XXX, pose de fer d'angle et lissage en raccord au plus approchant",1.00,en bloc,0.00, 	-   ,,,,,,,
,,PREPARATION,general,,,,,,,,,,,,
,,PREPARATION,general,,,,,,,,,,,,
43.,Exécution de carottage en dalle ou sur mur en maçonnerie,PREPARATION,general,"Repérage du percement, éventuellement exécution d'un pré-percement à la mèche de 12, mise en place de la machine, percement des 3 points de fixation, mise en place de protections pour réception des eaux de sciage, exécution du percement de diamètre variable à choix de 150 à 200mm, reprise de la carotte et évacuation y compris reprise des protections et taxes de recyclage",1.00,en bloc,865.00, 	865.00 ,,,,,,,
,,PREPARATION,general,,,,,,,,,,,,
,,PREPARATION,general,,,,,,,,,,,,
44.,Obturation de l'ancienne porte,PREPARATION,general,"Obturation de l'embrasure de l'ancienne porte de la salle de bain à l'aide de plaques Alba de 6 ou 8cm selon épaisseur de la maçonnerie existante, y compris pose de treillis anti-fissures de part et d'autre des raccords",1.00,en bloc,750.00, 	750.00 ,,,,,,,
,,PREPARATION,general,,,,,,,,,,,,
,,PREPARATION,general,,,,,,,,,,,,
45.,Faux-plafond de type placo plâtre,PREPARATION,general,"Fourniture et pose d'un faux plafond constitué de doubles plaques de placo plâtre vertes type hydro GKB 12,5mm montées sur rails métalliques aluminium zingué, jointoyage des raccords de plaques avec pose de toile anti-fissures et fourniture et pose de joints suédois pour raccords périphériques",1.00,en bloc,0.00, 	-   ,,120.00,,,,,
46.,Faux-plafond de type placo plâtre,PREPARATION,general,"Fourniture et pose d'un faux plafond constitué de doubles plaques de placo plâtre blanche GKF 12,5mm montées sur rails métalliques aluminium zingué, jointoyage des raccords de plaques avec pose de toile anti-fissures et fourniture et pose de joints suédois pour raccords périphériques",1.00,en bloc,0.00, 	-   ,,112.00,,,,,
47.,Faux-plafond de type placo plâtre,PREPARATION,general,Fourniture de trappes de révision Protektor EI60 ép. 30mm - 300x300mm,1.00,pces,575.00, 	575.00 ,,,,,,,
48.,Faux-plafond de type placo plâtre,PREPARATION,general,Application d'une couche d'accrochage pour enduisage au plâtre,1.00,m2,10.00, 	10.00 ,,,,,,,
49.,Faux-plafond de type placo plâtre,PREPARATION,general,"Exécution d'un enduisage, lissage à 2 mains y compris ponçage de finition pour obtention d'une surface lisse prête à peindre",1.00,m2,38.00, 	38.00 ,,,,,,,
50.,Faux-plafond de type placo plâtre,PREPARATION,general,Application d'une couche de fond pour travaux de peinture sur plâtre brute,1.00,m2,12.00, 	12.00 ,,,,,,,
,,PREPARATION,general,,,,,,,,,,,,
,,PREPARATION,general,,,,,,,,,,,,
51.,Faux-plafond de type placo plâtre sous toiture,PREPARATION,general,"Fourniture et pose d'un faux plafond constitué de doubles plaques de placo plâtre vertes type hydro GKB 12,5mm montées sur rails métalliques aluminium zingué, jointoyage des raccords de plaques avec pose de toile anti-fissures et fourniture et pose de joints suédois pour raccords périphériques",1.00,en bloc,0.00, 	-   ,,120.00,,,,,
52.,Faux-plafond de type placo plâtre sous toiture,PREPARATION,general,"Fourniture et pose d'un faux plafond constitué de doubles plaques de placo plâtre blanche GKF 12,5mm montées sur rails métalliques aluminium zingué, jointoyage des raccords de plaques avec pose de toile anti-fissures et fourniture et pose de joints suédois pour raccords périphériques",1.00,en bloc,0.00, 	-   ,,112.00,,,,,
53.,Faux-plafond de type placo plâtre sous toiture,PREPARATION,general,Application d'une couche d'accrochage pour enduisage au plâtre,1.00,m2,10.00, 	10.00 ,,,,,,,
54.,Faux-plafond de type placo plâtre sous toiture,PREPARATION,general,"Exécution d'un enduisage, lissage à 2 mains y compris ponçage de finition pour obtention d'une surface lisse prête à peindre",1.00,m2,38.00, 	38.00 ,,,,,,,
55.,Faux-plafond de type placo plâtre sous toiture,PREPARATION,general,Application d'une couche de fond pour travaux de peinture sur plâtre brut,1.00,m2,12.00, 	12.00 ,,,,,,,
,,PREPARATION,general,,,,,,,,,,,,
,,PREPARATION,general,,,,,,,,,,,,
56.,Faux plafond sous-sol,PREPARATION,general,"Fourniture et pose d'un faux plafond en simple couche de plaques de placo plâtre vertes type hydro GKB 12,5mm montées sur rails métalliques aluminium de type ""rails à chapeaux"" extra plats, exécution de joints de dilatation entre les plaques et pose de joints suédois pour raccords périphériques",1.00,en bloc,0.00, 	-   ,,sous-sol 35.4,,,,,
,,PREPARATION,general,,,,,,,,,,,,
,,PREPARATION,general,,,,,,,,,,,,
57.,Faux plafond de type plaques GS,PREPARATION,general,"Fourniture et pose d'un faux plafond en plaques plaques GS, percement des fixations selon calepinage des plaques et des sources de lumières encastrées, réglage des niveaux au laser rotatif, lissage des plaques lors de la pose, fourniture et pose de joints suédois pour raccords périphériques",1.00,en bloc,0.00, 	-   ,,140,,,,,
58.,Faux plafond de type plaques GS,PREPARATION,general,Fourniture de trappes de révision Protektor EI60 ép. 30mm - 300x300mm,1.00,pces,575.00, 	575.00 ,,,,,,,
59.,Faux plafond de type plaques GS,PREPARATION,general,"Exécution d'un enduisage pelliculaire pour obtention d'une surface prête à peindre, y compris ponçage final",1.00,en bloc,0.00, 	-   ,,20,,,,,
60.,Faux plafond de type plaques GS,PREPARATION,general,Application d'une couche de fond pour peinture sur nouveau support plâtre,1.00,m2,12.00, 	12.00 ,,,,,,,
,,PREPARATION,general,,,,,,,,,,,,
,,PREPARATION,general,,,,,,,,,,,,
61.,Plafond acoustique démontable,PREPARATION,general,"Fourniture et pose de plafonds en fibre minérale Pavaroc Fissura I, pose sur structure visible T24. Dimensions des plaques 600 x 600 mm",0.00,m2,95.00, 	-   ,,,,,,,
62.,Plafond acoustique démontable,PREPARATION,general,Marge de commande pour plaques supplémentaires pour stock et diverses coupes de calepinage,1.00,en bloc,350.00, 	350.00 ,,,,,,,
63.,Plafond acoustique démontable,PREPARATION,general,Fourniture et pose à l'aide tampons de profil de bord type double ''L'',0.00,ml,23.00, 	-   ,,,,,,,
64.,Plafond acoustique démontable,PREPARATION,general,Façon d'onglets,0.00,pces,27.00, 	-   ,,,,,,,
,,PREPARATION,general,,,,,,,,,,,,
,,PREPARATION,general,,,,,,,,,,,,
65.,Faux plafond métallique,PREPARATION,general,F & P de faux plafond en plaques métalliques micro-perforées démontables thermolaqué blanc,0.00,m2,112.00,0.00,,,,,,,
66.,Faux plafond métallique,PREPARATION,general,Marge de commande pour plaques supplémentaires pour stock et diverses coupes de calepinage,1.00,en bloc,400.00,400.00,,,,,,,
67.,Faux plafond métallique,PREPARATION,general,F & P de profil de bord (L)sur le pourtour des murs ,0.00,ml,20.00,0.00,,,,,,,
68.,Faux plafond métallique,PREPARATION,general,"Façon d'onglets, découpe et pose ajustée",0.00,pces,23.00,0.00,,,,,,,
,,PREPARATION,general,,,,,,,,,,,,
,,PREPARATION,general,,,,,,,,,,,,
69.,Rhabillage des plafonds suite démolition des cloisons,PREPARATION,general,"Application d'une couche de fond, enduisage, éventuellement pose de pièces de placo pour compléments, y compris pose d'un treillis anti-fissures et lissage en raccord au plus proche de l'existant",1.00,en bloc,0.00, 	-   ,,,,,,,
70.,Rhabillage des plafonds suite démolition des cloisons,PREPARATION,general,Application d'une couche de fond et pochonnage des zones plâtrées avant mise en peinture de l'ensemble,1.00,en bloc,0.00, 	-   ,,,,,,,
,,PREPARATION,general,,,,,,,,,,,,
,,PREPARATION,general,,,,,,,,,,,,
71.,Murs en carreaux de plâtres,PREPARATION,general,Exécution de murs en plaques Alba verte hydro de 6cm montées croisées sur semelles lièges et raccord de plafond à l'aide d'une bande sajex,1.00,en bloc,0.00, 	-   ,,120,,,,,
72.,Murs en carreaux de plâtres,PREPARATION,general,Exécution de murs en plaques Alba de 6cm montées croisées sur semelles lièges et raccord de plafond à l'aide d'une bande sajex,1.00,en bloc,0.00, 	-   ,,130,,,,,
73.,Murs en carreaux de plâtres,PREPARATION,general,Façon de linteaux pour pose de nouvelle porte,1.00,pcs,165.00, 	165.00 ,,,,,,,
74.,Murs en carreaux de plâtres,PREPARATION,general,Fourniture et pose de fers d'angles avant enduisage pour angles sortants,1.00,ml,27.00, 	27.00 ,,,,,,,
75.,Murs en carreaux de plâtres,PREPARATION,general,Application d'une couche d'accrochage pour enduisage au plâtre,1.00,m2,10.00, 	10.00 ,,,,,,,
76.,Murs en carreaux de plâtres,PREPARATION,general,"Exécution d'un enduisage, lissage à 2 mains y compris ponçage de finition pour obtention d'une surface lisse prête à peindre",1.00,m2,38.00, 	38.00 ,,,,,,,
77.,Murs en carreaux de plâtres,PREPARATION,general,Application d'une couche de fond pour peinture sur nouveau support plâtre,1.00,m2,12.00, 	12.00 ,,,,,,,
,,PREPARATION,general,,,,,,,,,,,,
,,PREPARATION,general,,,,,,,,,,,,
78.,Murs en panneaux plâtre et châssis métalliques,PREPARATION,general,"Exécution d'un doublage périphérique à l'aide d'une double peau de plaques de placo vertes type hydro GKB 12,5mm type hydro montées sur rails métalliques aluminium zingués de type UW ou UW/G et montants CW50 ou CW 75, jointoyage des raccords de plaques avec pose de toile anti-fissures",1.00,en bloc,0.00, 	-   ,,94,,,,,
79.,Murs en panneaux plâtre et châssis métalliques,PREPARATION,general,"Exécution d'un doublage périphérique à l'aide d'une double peau de plaques de placo blanche GKF 12,5mm type hydro montées sur rails métalliques aluminium zingués de type UW ou UW/G et montants CW50 ou CW 75, jointoyage des raccords de plaques avec pose de toile anti-fissures",1.00,en bloc,0.00, 	-   ,,90,,,,,
80.,Murs en panneaux plâtre et châssis métalliques,PREPARATION,general,"Fourniture et pose d'isolation thermique intérieur pour doublage périphérique, y compris fourniture et pose d'un pare-vapeur étanche",1.00,en bloc,0.00, 	-   ,,90,,,,,
81.,Murs en panneaux plâtre et châssis métalliques,PREPARATION,general,"Fourniture et pose de cloison constitué de doubles plaques de placo plâtre vertes type hydro GKB 12,5mm montées sur rails métalliques aluminium zingués de type UW ou UW/G et montants CW50 ou CW 75, jointoyage des raccords de plaques avec pose de toile anti-fissures, fourniture et pose de joints suédois pour raccords périphériques et isolation acoustique simple intérieure",1.00,en bloc,0.00, 	-   ,,120.00,,,,,
82.,Murs en panneaux plâtre et châssis métalliques,PREPARATION,general,"Fourniture et pose de cloison constitué de doubles plaques de placo plâtre blanche GKF 12,5mm montées sur rails métalliques aluminium zingués de type UW ou UW/G et montants CW50 ou CW 75, jointoyage des raccords de plaques avec pose de toile anti-fissures, fourniture et pose de joints suédois pour raccords périphériques et isolation acoustique simple intérieure",1.00,en bloc,0.00, 	-   ,,112.00,,,,,
83.,Murs en panneaux plâtre et châssis métalliques,PREPARATION,general,Application d'une couche d'accrochage pour enduisage au plâtre,1.00,m2,10.00, 	10.00 ,,,,,,,
84.,Murs en panneaux plâtre et châssis métalliques,PREPARATION,general,Pose de renforts métalliques de type Knauf UA 50 ou 75 pour embrasures de portes,1.00,pcs,150.00, 	150.00 ,,,,,,,
85.,Murs en panneaux plâtre et châssis métalliques,PREPARATION,general,Fourniture et pose de fers d'angles avant enduisages pour angles sortants,1.00,ml,27.00, 	27.00 ,,,,,,,
86.,Murs en panneaux plâtre et châssis métalliques,PREPARATION,general,Application d'une couche d'accrochage pour enduisage au plâtre,1.00,m2,10.00, 	10.00 ,,,,,,,
87.,Murs en panneaux plâtre et châssis métalliques,PREPARATION,general,"Exécution d'un enduisage, lissage à 2 mains y compris ponçage de finition pour obtention d'une surface lisse prête à peindre",1.00,m2,38.00, 	38.00 ,,,,,,,
88.,Murs en panneaux plâtre et châssis métalliques,PREPARATION,general,Application d'une couche de fond pour peinture sur nouveau support plâtre,1.00,m2,12.00, 	12.00 ,,,,,,,
,,PREPARATION,general,,,,,,,,,,,,
,,PREPARATION,general,,,,,,,,,,,,
89.,Enduisage des murs existants en XXX,PREPARATION,general,Application d'une couche d'accrochage pour enduisage au plâtre,1.00,m2,10.00, 	10.00 ,,,,,,,
90.,Enduisage des murs existants en XXX,PREPARATION,general,Fourniture et pose de fers d'angles avant enduisages pour angles sortants,1.00,ml,27.00, 	27.00 ,,,,,,,
91.,Enduisage des murs existants en XXX,PREPARATION,general,"Exécution d'un enduisage, lissage à 2 mains y compris ponçage de finition pour obtention d'une surface lisse prête à peindre",1.00,m2,38.00, 	38.00 ,,,,,,,
92.,Enduisage des murs existants en XXX,PREPARATION,general,Application d'une couche de fond pour peinture sur nouveau support plâtre,1.00,m2,12.00, 	12.00 ,,,,,,,
,,PREPARATION,general,,,,,,,,,,,,
,,PREPARATION,general,,,,,,,,,,,,
93.,Menuiserie,PREPARATION,general,"Fourniture et pose de porte en bois de type MDF de 90cm de large, type cadre, faux cadre, embrasure, finition à peindre et poignée aluminium avec serrure",1.00,pcs,1200.00, 	1'200.00 ,,,,,,,
94.,Menuiserie,PREPARATION,general,"Fourniture et pose de porte en bois de type coulissante, en MDF de 90cm de large, type rail aluminium et bandeau de finition en MDF, finition à peindre et poignée aluminium avec serrure",1.00,pcs,1650.00, 	1'650.00 ,,,,,,,
95.,Menuiserie,PREPARATION,general,"Repose de portes conservées, soit mise en place du cadre, découpe du faux cadre et de l'embrasure, complément ou découpe de celle-ci, repose et scellement du cadre, ajustement de la porte et rabotage",1.00,pcs,450.00, 	450.00 ,,,,,,,
96.,Menuiserie,PREPARATION,general,"Fourniture et pose d'une porte de communication, porte pleine type Moralt P1- T30 sur cadre faux-cadre et embrasure Moralt T30, homologation EI30 avec joint dans la battue, épaisseur 43 mm. fiches 619.SMSO et serrure Swiss Kaba - VP 809x2001 mm mur de 100 mm",1.00,pcs,2135.00, 	2'135.00 ,,,,,,,
97.,Menuiserie,PREPARATION,general,"Fourniture et pose d'une porte de communication à double battants, porte pleine type Moralt P1- T30 sur cadre faux-cadre et embrasure Moralt T30, homologation EI30 avec joint dans la battue, épaisseur 43 mm. fiches 619.SMSO et serrure Swiss Kaba - VP 1500x2001 mm mur de 100 mm",1.00,pcs,2860.00, 	2'860.00 ,,,,,,,
,,PREPARATION,general,,,,,,,,,,,,
,,PREPARATION,general,,,,,,,,,,,,
98.,Chapes,PREPARATION,general,"Installation du matériel, pompe et tuyaux et replis ultérieur",1.00,budget,1000.00, 	1'000.00 ,,,,,,,
99.,Chapes,PREPARATION,general,Nettoyage sommaire des surfaces avant pose des isolations,1.00,budget,350.00, 	350.00 ,,,,,,,
100.,Chapes,PREPARATION,general,Fourniture et pose d'isolation phonique scotchée prête à recevoir une chape liquide,1.00,m2,13.50, 	13.50 ,,,,,,,
101.,Chapes,PREPARATION,general,Fourniture et pose de bandes de rives,1.00,budget,1800.00, 	1'800.00 ,,,,,,,
102.,Chapes,PREPARATION,general,Coulage d'une chape liquide à l'anhydrite type: Fixit 830 épaisseur de 45 à 55 mm,1.00,m2,52.00, 	52.00 ,,,,,,,
103.,Chapes,PREPARATION,general,Ponçage ultérieur de la pellicule de surface y compris nettoyage rendu prêt à recevoir tout revêtement de sol collé,1.00,m2,7.00, 	7.00 ,,,,,,,
104.,Chapes,PREPARATION,general,"Coffrage divers, y compris pour joints ",1.00,budget,500.00, 	500.00 ,,,,,,,
,,PREPARATION,general,,,,,,,,,,,,
,,PREPARATION,general,,,,,,,,,,,,
105.,Sols,PREPARATION,general,"Fourniture et pose d'une isolation spéciale bruits d'impact type fibres de bois d'épaisseur 30mm - pavaroc, y compris fourniture et pose d'un plancher fermacell 2x12,5mm prêt à recevoir les revêtements",0.00,m2,108.00, 	-   ,,,,,,,
106.,,,,,,,Sous total, 	30'491.50 ,,,,,,,
107.,Plafond,SEJOUR,Dry,Pose de fibre,1.00,m2,29.00, 	29.00 ,,,,,,,
108.,Plafond,SEJOUR,Dry,Préparation peintre,,h,75.00, 	-   ,,,,,,,
109.,Plafond,SEJOUR,Dry,"Application de 2 couches de peinture thixotropique pour plafond, y compris préparation peintre",1.00,en bloc,100.00, 	100.00 ,,,,,,,
110.,Plafond,SEJOUR,Dry,Application de 2 couches de peinture thixotropique pour plafond,1.00,m2,20.00, 	20.00 ,,,,,,,
111.,Plafond,SEJOUR,Dry,Corniches - 2 couches de peinture ,,ml,12.00, 	-   ,,,,,,,
,,SEJOUR,Dry,,,,,,,,,,,,
,,SEJOUR,Dry,,,,,,,,,,,,
112.,Murs,SEJOUR,Dry,Préparation des supports,,h,75.00, 	-   ,,,,,,,
113.,Murs,SEJOUR,Dry,Arrachage du papier,0.00,m2,10.00, 	-   ,,,,,,,
114.,Murs,SEJOUR,Dry,Application d'une couche d'accrochage pour plâtre,0.00,m2,10.00, 	-   ,,,,,,,
115.,Murs,SEJOUR,Dry,"Lissage au plâtre en 3 passages pour finitions lisses, y compris ponçage entre les couches",0.00,m2,38.00, 	-   ,,,,,,,
116.,Murs,SEJOUR,Dry,Préparation du support et encollage,0.00,m2,10.00, 	-   ,,,,,,,
117.,Murs,SEJOUR,Dry,Fourniture et pose d'Ingrain,0.00,m2,17.00, 	-   ,,,,,,,
118.,Murs,SEJOUR,Dry,Fourniture et pose de maculature,0.00,m2,25.00, 	-   ,,,,,,,
119.,Murs,SEJOUR,Dry,Application de 2 couches de peinture type dispersion blanche RAL 9010,0.00,m2,17.00, 	-   ,,,,,,,
120.,Murs,SEJOUR,Dry,Application de 2 couches de peinture type dispersion blanche RAL 9010 sur nouvel ingrain ou scandatex,0.00,m2,15.00, 	-   ,,,,,,,
121.,Murs,SEJOUR,Dry,P-V pour fourniture et application d'une couche supplémentaire pour teinte claire de la peinture selon RAL ou NCS,0.00,m2,8.00, 	-   ,,,,,,,
,,SEJOUR,Dry,,,,,,,,,,,,
,,SEJOUR,Dry,,,,,,,,,,,,
122.,Boiseries,SEJOUR,Dry,"Porte palière - lessivage, ponçage, masticage, 2 couches de vernis",1.00,face,120.00, 	120.00 ,,,,,,,
123.,Boiseries,SEJOUR,Dry,"Porte palière - lessivage, ponçage, masticage, 2 couches d'émail satiné 9010",1.00,face,120.00, 	120.00 ,,,,,,,
124.,Boiseries,SEJOUR,Dry,"Porte  - lessivage, ponçage, masticage, 2 couches d'émail satiné 9010",1.00,face,90.00, 	90.00 ,,,,,,,
125.,Boiseries,SEJOUR,Dry,"Porte vitrée  - lessivage, ponçage, masticage, 2 couches d'émail satiné 9010",1.00,face,100.00, 	100.00 ,,,,,,,
126.,Boiseries,SEJOUR,Dry,"Nouvelle porte - lessivage, ponç, mastic, 1c. de fond et 2 c d'émail satiné 9010",1.00,face,135.00, 	135.00 ,,,,,,,
127.,Boiseries,SEJOUR,Dry,"Fenêtre côté intérieur - lessivage, ponçage, masticage, 2 couches d'émail satiné 9010",1.00,en bloc,, 	-   ,,,,,,,
128.,Boiseries,SEJOUR,Dry,Caisson de store,1.00,en bloc,, 	-   ,,,,,,,
129.,Boiseries,SEJOUR,Dry,Tablette de fenêtre,1.00,en bloc,, 	-   ,,,,,,,
130.,Boiseries,SEJOUR,Dry,Encadrement de fenêtre et contre-cœur,1.00,en bloc,, 	-   ,,,,,,,
131.,Boiseries,SEJOUR,Dry,"Armoire face ext. - lessivage, ponçage, masticage, 2 couches d'émail satiné 9010",1.00,en bloc,, 	-   ,,,,,,,
132.,Boiseries,SEJOUR,Dry,Intérieur d'armoire - 2 couches de peintures,1.00,en bloc,350.00, 	350.00 ,,,,,,,
133.,Boiseries,SEJOUR,Dry,"Plinthes - ponçage, 2 couches d'émail satiné 9010",,ml,11.00, 	-   ,,,,,,,
,,SEJOUR,Dry,,,,,,,,,,,,
,,SEJOUR,Dry,,,,,,,,,,,,
134.,Radiateur,SEJOUR,Dry,"Lessivage, ponçage, 2 couches d'émail satiné 9010",1.00,pce,, 	-   ,,,,,,,
,,SEJOUR,Dry,,,,,,,,,,,,
135.,Tuyaux,SEJOUR,Dry,"Lessivage, ponçage, 2 couches d'émail satiné 9010",,ml,9.00, 	-   ,,,,,,,
,,SEJOUR,Dry,,,,,,,,,,,,
136.,Radiateur & tuyaux,SEJOUR,Dry,"Lessivage, ponçage, 2 couches d'émail satiné 9010",1.00,pce,, 	-   ,,,,,,,
,,SEJOUR,Dry,,,,,,,,,,,,
,,SEJOUR,Dry,,,,,,,,,,,,
137.,Sol,SEJOUR,Dry,"Dépose, numérotation et repose des plinthes y c. fourniture de vis et tampons",0.00,ml,9.00, 	-   ,,,,,,,
138.,Sol,SEJOUR,Dry,"Arrachage moquette et évacuation, y compris mise en sac et taxes de recyclage",0.00,m2,13.00, 	-   ,,,,,,,
139.,Sol,SEJOUR,Dry,Passage de la monobrosse pour dépose des restes de colle,0.00,m2,12.00, 	-   ,,,,,,,
140.,Sol,SEJOUR,Dry,Exécution d'une niveline,0.00,m2,36.00, 	-   ,,,,,,,
141.,Sol,SEJOUR,Dry,Application d'une couche d'accrochage pour pose de parquet,0.00,m2,12.00, 	-   ,,,,,,,
,Sol,SEJOUR,Dry,,,,,,,,,,,,
142.,Sol,SEJOUR,Dry,Fourniture d'une sous-couche de type ebofloor 4mm pour moquette,14.10,m2,32.00, 	451.20 ,,,,,,,
143.,Sol,SEJOUR,Dry,Pose de la sous-couche,14.10,m2,18.00, 	253.80 ,,,,,,,
144.,Sol,SEJOUR,Dry,"Fourniture de moquette - détail de moquette à choisir, prix indicatif 50frs/m2 - dimension variable selon la longueur des rouleaux disponibles ou d'éventuelles fausses coupes",40.00,m2,50.00, 	2'000.00 ,,,,,,,
145.,Sol,SEJOUR,Dry,Pose de moquette,36.80,m2,32.00, 	1'177.60 ,,,,,,,
146.,Sol,SEJOUR,Dry,"Fourniture de plinthes - détail de plinthes à choisir, prix indicatif 10frs/ml",16.00,ml,10.00, 	160.00 ,,,,,,,
147.,Sol,SEJOUR,Dry,Pose de plinthes dito,15.10,ml,15.00, 	226.50 ,,,,,,,
,Sol,SEJOUR,Dry,,,,,,,,,,,,
148.,Sol,SEJOUR,Dry,Fourniture de lino selon choix (choix de base à 75frs),0.00,m2,75.00, 	-   ,,,,,,,
149.,Sol,SEJOUR,Dry,Pose de lino,0.00,m2,35.00, 	-   ,,,,,,,
,Sol,SEJOUR,Dry,,,,,,,,,,,,
150.,Sol,SEJOUR,Dry,Réparation du parquet,1.00,en bloc,, 	-   ,,,,,,,
151.,Sol,SEJOUR,Dry,Fourniture et pose de parquet de type mosaïque,0.00,m2,65.00, 	-   ,,,,,,,
152.,Sol,SEJOUR,Dry,"Ponçage à la monobrosse et à la bordeuse du parquet, imprégnation à l'aide d'un vernis incolore à l'eau, exécution du vernis en 2 passages",0.00,m2,35.00, 	-   ,,,,,,,
153.,Sol,SEJOUR,Dry,"Fourniture de parquet type multiplis en grandes lames, finition chêne huilée ou pré-vernis, dimension 1800mm x 180mm x 9mm, y compris 3mm de couche d'usure, budget prévu selon choix  à 115frs",0.00,m2,115.00, 	-   ,,,,,,,
154.,Sol,SEJOUR,Dry,Marge de fourniture pour découpes et chutes,0.00,m2,115.00, 	-   ,,,,,,,
155.,Sol,SEJOUR,Dry,"Pose de parquet en lames à l'aide d'une colle souple mono-composante à polymérisation rapide pour collage en pleine surface, type Sika Adheflex ou de gamme identique",0.00,m2,39.00, 	-   ,,,,,,,
,Sol,SEJOUR,Dry,,,,,,,,,,,,
156.,Sol,SEJOUR,Dry,Fourniture de plinthes en raccord avec le parquet,0.00,ml,18.00, 	-   ,,,,,,,
157.,Sol,SEJOUR,Dry,Pose de plinthes dito,0.00,ml,20.00, 	-   ,,,,,,,
158.,Sol,SEJOUR,Dry,Fourniture et pose de plinthes en ramin couleur chêne,0.00,ml,25.00, 	-   ,,,,,,,
159.,Sol,SEJOUR,Dry,Ponçage et imprégnation de seuil en bois,,pce,35.00, 	-   ,,,,,,,
160.,Sol,SEJOUR,Dry,Fourniture et pose de contres plinthes,0.00,ml,15.00, 	-   ,,,,,,,
161.,Sol,SEJOUR,Dry,Fourniture et pose de seuil aluminium ,,pce,40.00, 	-   ,,,,,,,
162.,Sol,SEJOUR,Dry,Fourniture et pose de seuil en bois ,,pce,90.00, 	-   ,,,,,,,
,Sol,SEJOUR,Dry,,,,,,,,,,,,
163.,Sol,SEJOUR,Dry,Application d'un primer d'accrochage pour pose de peinture 2 composants,1.00,m2,12.00, 	12.00 ,,,,,,,
164.,Sol,SEJOUR,Dry,"Fourniture et pose d'une peinture 2 composants, solvant à l'essence, teintée dans la masse selon gamme à disposition (hors couleur vives nécessitant une couche de vernis de finition - application en 2 couches",1.00,m2,42.00, 	42.00 ,,,,,,,
165.,Sol,SEJOUR,Dry,P-V pour adjuvant antidérapant à l'aide de sable de quartz,1.00,m2,11.00, 	11.00 ,,,,,,,
166.,Sol,SEJOUR,Dry,P-V pour application de la peinture 2 composants sur les plinthes existantes,1.00,ml,13.00, 	13.00 ,,,,,,,
167.,Sol,SEJOUR,Dry,P-V pour exécution de remontées de type plinthes à l'aide de bande à masquer sur une hauteur moyenne entre 8 et 12cm,1.00,ml,12.00, 	12.00 ,,,,,,,
,Sol,SEJOUR,Dry,,,,,,,,,,,,
168.,Sol,SEJOUR,Dry,Préparation du support - enduisage ,1.00,en bloc,-100.00, 	-100.00 ,,,,,,,
169.,Sol,SEJOUR,Dry,Exécution d'une niveline,0.00,m2,36.00, 	-   ,,,,,,,
170.,Sol,SEJOUR,Dry,"Exécution d'un fond d'adhérence type cermiface pour support bois, y compris toile fibrée et encollage sur support existant",1.00,en bloc,0.00, 	-   ,,,,,,,
171.,Sol,SEJOUR,Dry,Application d'une couche d'accrochage,1.00,m2,10.00, 	10.00 ,,,,,,,
172.,Sol,SEJOUR,Dry,Fourniture de carrelage de type pleine masse - format 30/60 - (choix de base à 65frs/m2),0.00,m2,65.00, 	-   ,,0.3,0.6,,,,
173.,Sol,SEJOUR,Dry,"Marge de fourniture pour format dito, y compris chutes selon calepinage",0.00,m2,65.00, 	-   ,,,,,,,
174.,Sol,SEJOUR,Dry,"Pose de base dite pose droite, joints alignés de pleine masse dito, y compris exécution de joints ciment gris clair",0.00,m2,50.00, 	-   ,,,,,,,
175.,Sol,SEJOUR,Dry,"Plus-value de pose pour carreaux supérieurs à 30/30 mais hors format spécial, double encollage et réglage",0.00,m2,10.00, 	-   ,,,,,,,
176.,Sol,SEJOUR,Dry,Plus-value pour pose en pont de navire ou décalée,0.00,m2,0.00, 	-   ,,,,,,,
177.,Sol,SEJOUR,Dry,"Exécution de joints de couleur, nettoyage triple à l'eau chaude, y compris p-v de fourniture",0.00,m2,0.00, 	-   ,,,,,,,
178.,Sol,SEJOUR,Dry,"Exécution de joints de type époxy 2 composants, couleur à choix, exécution à l'eau chaude et la raclette de 5 cm joint par joint",0.00,m2,55.00, 	-   ,,,,,,,
179.,Sol,SEJOUR,Dry,Exécution de plinthes coupées dans carreaux de sol,0.00,ml,17.00, 	-   ,,6.66666666666667,ml,"30/60 ou 30/30 = 6,6ml de plinthes par m2 de fourn",,,
180.,Sol,SEJOUR,Dry,"Sciage des carreaux à la machine à eaux, y compris mise à disposition de la machine, sciage des carreaux, séchage des carreaux avant pose, remplissage de la machine, vidage et nettoyage de la zone après travaux et protections",0.00,m2,0.00, 	-   ,,,,,,,
,,SEJOUR,Dry,,,,,,,,,,,,
,,SEJOUR,Dry,,,,,,,,,,,,
181.,Ensemble,SEJOUR,Dry,Protections de sol de type Permafix ou plastique scotché en périphérie y compris bandes à masquer pour peinture des boiseries et divers,1.00,forfait,0.00, 	-   ,,,,,,,
182.,Ensemble,SEJOUR,Dry,"Fourniture et pose de seuil bombé de type aluminium 40mm, y compris découpe et ajustement",1.00,pc,45.00, 	45.00 ,,,,,,,
183.,Ensemble,SEJOUR,Dry,"Fourniture et pose de seuil en bois vernis, y compris découpe et ajustement",1.00,pc,75.00, 	75.00 ,,,,,,,
184.,Ensemble,SEJOUR,Dry,Fourniture et pose de turbinette de ventilation standard en plastique blanc,1.00,pc,35.00, 	35.00 ,,,,,,,
185.,Ensemble,SEJOUR,Dry,Fourniture et pose de turbinette de ventilation extra plate en inox,1.00,pc,85.00, 	85.00 ,,,,,,,
186.,Ensemble,SEJOUR,Dry,Exécution de silicones blancs - tous raccords verticaux et horizontaux,1.00,ml,13.00, 	13.00 ,,,,,,,
187.,Ensemble,SEJOUR,Dry,Exécution de silicones teintés - tous raccords verticaux et horizontaux,1.00,ml,17.00, 	17.00 ,,,,,,,
188.,Ensemble,SEJOUR,Dry,Fourniture et pose de baguettes d'angle en aluminium,1.00,ml,25.00, 	25.00 ,,,,,,,
189.,Ensemble,SEJOUR,Dry,Fourniture et pose de baguettes d'angle en plastique blanc,1.00,forfait,, 	-   ,,,,,,,
190.,Ensemble,SEJOUR,Dry,Frais de manutention pour carreaux fournis par le M.O. - Hors retrait chez fournisseur,1.00,forfait,, 	-   ,,,,,,,
191.,Ensemble,SEJOUR,Dry,Frais d'évacuation et de mise en décharge pour déchets résultant des travaux de carrelage suite matériel fourni par le client,1.00,forfait,, 	-   ,,,,,,,
192.,,,,,,,Sous total, 	5'628.10 ,,,,,,,
193.,Plafond,SALLE DE BAIN,Humid,"Pose de faux plafonds en placo vert double couche, y compris pose de treillis anti fissures",1.00,en bloc,120.00, 	120.00 ,,,,,,,
194.,Plafond,SALLE DE BAIN,Humid,Application d'une couche d'accrochage,1.00,en bloc,10.00, 	10.00 ,,,,,,,
195.,Plafond,SALLE DE BAIN,Humid,Lissage du support,1.00,en bloc,38.00, 	38.00 ,,,,,,,
196.,Plafond,SALLE DE BAIN,Humid,Application d'une couche de fond pour peinture sur nouveau support plâtre,1.00,en bloc,15.00, 	15.00 ,,,,,,,
197.,Plafond,SALLE DE BAIN,Humid,"Application de 2 couches de peinture émail, y compris préparation peintre",1.00,en bloc,0.00, 	-   ,,,,,,,
198.,Plafond,SALLE DE BAIN,Humid,Préparation peintre,,h,75.00, 	-   ,,,,,,,
199.,Plafond,SALLE DE BAIN,Humid,Application de 2 couches de peinture émail,1.00,m2,30.00, 	30.00 ,,,,,,,
,,SALLE DE BAIN,Humid,,,,,,,,,,,,
,,SALLE DE BAIN,Humid,,,,,,,,,,,,
200.,Murs,SALLE DE BAIN,Humid,Fourniture et pose de renforts de type doubles rails métalliques et panneaux en bois imputrescibles pour accessoires sanitaires,1.00,pcs,85.00, 	85.00 ,,,,,,,
201.,Murs,SALLE DE BAIN,Humid,"Piquage des murs, mise en sac  et évacuation des gravats, y compris taxes de recyclage",1.00,en bloc,50.00, 	50.00 ,,,,,,,
202.,Murs,SALLE DE BAIN,Humid,"Préparation du support, enduisage de 10mm au plâtre et lissage",1.00,en bloc,-100.00, 	-100.00 ,,,,,,,
203.,Murs,SALLE DE BAIN,Humid,"Préparation du support, redressage pour pose de carreaux sup à 30/60",1.00,en bloc,0.00, 	-   ,,,,,,,
204.,Murs,SALLE DE BAIN,Humid,Dépose d'un muret de baignoire - évacuation ,1.00,en bloc,150.00, 	150.00 ,,,,,,,
205.,Murs,SALLE DE BAIN,Humid,Dépose d'un socle de douche - évacuation ,1.00,en bloc,100.00, 	100.00 ,,,,,,,
206.,Murs,SALLE DE BAIN,Humid,Dépose d'un muret de WC encastré- évacuation ,1.00,en bloc,150.00, 	150.00 ,,,,,,,
207.,Murs,SALLE DE BAIN,Humid,Montage d'un nouveau muret de baignoire ,1.00,en bloc,450.00, 	450.00 ,,,,,,,
208.,Murs,SALLE DE BAIN,Humid,Montage d'un nouveau muret pour socle de douche ,1.00,en bloc,350.00, 	350.00 ,,,,,,,
209.,Murs,SALLE DE BAIN,Humid,Montage d'un nouveau mur de douche pour encastrement des corps encastrés de douche,1.00,en bloc,765.00, 	765.00 ,,,,,,,
210.,Murs,SALLE DE BAIN,Humid,"Exécution de niches à calpiner selon la fourniture de carrelage, soit découpe dans le mur de douche et façon de retour",1.00,en bloc,765.00, 	765.00 ,,,,,,,
211.,Murs,SALLE DE BAIN,Humid,"Montage d'un nouveau muret pour WC encastré, y compris toutes découpes pour alimentations, écoulements et plaque de déclanchement",1.00,en bloc,450.00, 	450.00 ,,,,,,,
212.,Murs,SALLE DE BAIN,Humid,Montage d'une tablette sur baignoire ,1.00,en bloc,150.00, 	150.00 ,,,,,,,
213.,Murs,SALLE DE BAIN,Humid,Application d'une couche d'accrochage,1.00,m2,10.00, 	10.00 ,,,,,,,
214.,Murs,SALLE DE BAIN,Humid,Rhabillages suite travaux de plomberie et d'électricité ,1.00,en bloc,500.00, 	500.00 ,,,,,,,
215.,Murs,SALLE DE BAIN,Humid,"Exécution d'une imperméabilisation en 2 couches pour la zone douche, première couche au rouleau et deuxième couche à la spatule, pour douche à l'italienne, y compris bandes flexibles de raccords murs/murs et murs/sol",1.00,en bloc,650.00, 	650.00 ,,,,,,,
216.,Murs,SALLE DE BAIN,Humid,Application d'une couche d'accrochage,1.00,m2,10.00, 	10.00 ,,,,,,,
217.,Murs,SALLE DE BAIN,Humid,"Fourniture et pose de faïences 20/20 - blanc bombée, pose droite, y compris exécution de joints ciment blancs (choix de base à 35fr/m2)",0.00,m2,85.00, 	-   ,,,,,,,
218.,Murs,SALLE DE BAIN,Humid,Fourniture de carrelage de type pleine masse ou faïence murale - format 30/60 - (choix de base à 65frs/m2),0.00,m2,65.00, 	-   ,,,,,,,
219.,Murs,SALLE DE BAIN,Humid,"Marge de fourniture pour format dito, y compris chutes selon calepinage",0.00,m2,65.00, 	-   ,,,,,,,
220.,Murs,SALLE DE BAIN,Humid,"Pose de base dite pose droite, joints alignés de pleine masse dito, y compris exécution de joints ciment gris clair",0.00,m2,50.00, 	-   ,,,,,,,
221.,Murs,SALLE DE BAIN,Humid,"Plus-value de pose pour carreaux supérieurs à 20/20 mais hors format spécial, double encollage et réglage",0.00,m2,20.00, 	-   ,,,,,,,
222.,Murs,SALLE DE BAIN,Humid,Plus-value pour pose en pont de navire ou décalée,0.00,m2,10.00, 	-   ,,,,,,,
223.,Murs,SALLE DE BAIN,Humid,"Plus-value pour découpe et pose sur embrasure de fenêtre, y compris réglage",1.00,pcs,100.00, 	100.00 ,,,,,,,
224.,Murs,SALLE DE BAIN,Humid,"Exécution de joints de couleur, nettoyage triple à l'eau chaude, y compris p-v de fourniture",0.00,m2,10.00, 	-   ,,,,,,,
225.,Murs,SALLE DE BAIN,Humid,"Exécution de joints de type époxy 2 composants, couleur à choix, exécution à l'eau chaude et la raclette de 5cm joint par joint",0.00,m2,55.00, 	-   ,,,,,,,
226.,Murs,SALLE DE BAIN,Humid,"Exécution d'une pose de type onglet pour angles muraux sortants, soit découpe manuelle à l'onglet de chaque carreau et ajustement minutieux de pose",0.00,ml,37.00, 	-   ,,,,,,,
227.,Murs,SALLE DE BAIN,Humid,"Sciage des carreaux à la machine à eau, y compris mise à disposition de la machine, sciage des carreaux, séchage des carreaux avant pose, remplissage de la machine, vidage et nettoyage de la zone après travaux et protections",0.00,m2,0.00, 	-   ,,,,,,,
228.,Murs,SALLE DE BAIN,Humid,Préparation peintre,,h,75.00, 	-   ,,,,,,,
229.,Murs,SALLE DE BAIN,Humid,Application d'une couche d'accrochage pour lissage plâtre,0.00,m2,10.00, 	-   ,,,,,,,
230.,Murs,SALLE DE BAIN,Humid,"Lissage au plâtre en 3 passages pour finitions lisses, y compris ponçage entre les couches",0.00,m2,38.00, 	-   ,,,,,,,
231.,Murs,SALLE DE BAIN,Humid,Application d'une couche de fond pour peinture sur nouveau support plâtre,0.00,m2,15.00, 	-   ,,,,,,,
232.,Murs,SALLE DE BAIN,Humid,Application de 2 couches de peinture émail,0.00,m2,30.00, 	-   ,,,,,,,
233.,Murs,SALLE DE BAIN,Humid,Fourniture et pose d'un miroir type float clair bords polis,0.00,m2,500.00, 	-   ,,,,,,,
,,SALLE DE BAIN,Humid,,,,,,,,,,,,
,,SALLE DE BAIN,Humid,,,,,,,,,,,,
234.,Boiseries,SALLE DE BAIN,Humid,Préparation peintre,,h,75.00, 	-   ,,,,,,,
235.,Boiseries,SALLE DE BAIN,Humid,"Porte  - lessivage, ponçage, masticage, 2 couches d'émail satiné 9010",1.00,face,90.00, 	90.00 ,,,,,,,
236.,Boiseries,SALLE DE BAIN,Humid,"Nouvelle porte - lessivage, ponç, mastic, 1c. de fond et 2 c d'émail satiné 9010",1.00,face,135.00, 	135.00 ,,,,,,,
237.,Boiseries,SALLE DE BAIN,Humid,"Porte vitrée  - lessivage, ponçage, masticage, 2 couches d'émail satiné 9010",1.00,face,100.00, 	100.00 ,,,,,,,
238.,Boiseries,SALLE DE BAIN,Humid,"Fenêtre côté intérieur - lessivage, ponçage, masticage, 2 couches d'émail satiné 9010",1.00,en bloc,, 	-   ,,,,,,,
239.,Boiseries,SALLE DE BAIN,Humid,Caisson de store,1.00,en bloc,, 	-   ,,,,,,,
240.,Boiseries,SALLE DE BAIN,Humid,Tablette de fenêtre,1.00,en bloc,, 	-   ,,,,,,,
241.,Boiseries,SALLE DE BAIN,Humid,Encadrement de fenêtre et contre-cœur,1.00,en bloc,, 	-   ,,,,,,,
242.,Boiseries,SALLE DE BAIN,Humid,"Armoire face ext. - lessivage, ponçage, masticage, 2 couches d'émail satiné 9010",1.00,en bloc,, 	-   ,,,,,,,
243.,Boiseries,SALLE DE BAIN,Humid,Intérieur d'armoire - 2 couches de peinture,1.00,en bloc,350.00, 	350.00 ,,,,,,,
244.,Boiseries,SALLE DE BAIN,Humid,F & P de plinthes découpées dans les carreaux de sol ,0.00,ml,25.00, 	-   ,,,,,,,
,,SALLE DE BAIN,Humid,,,,,,,,,,,,
,,SALLE DE BAIN,Humid,,,,,,,,,,,,
245.,Radiateur,SALLE DE BAIN,Humid,"Lessivage, 2 couches d'émail satiné 9010",1.00,pce,, 	-   ,,,,,,,
,,SALLE DE BAIN,Humid,,,,,,,,,,,,
246.,Tuyaux,SALLE DE BAIN,Humid,"Lessivage, 2 couches d'émail satiné 9010",,ml,9.00, 	-   ,,,,,,,
,,SALLE DE BAIN,Humid,,,,,,,,,,,,
247.,Radiateur & tuyaux,SALLE DE BAIN,Humid,"Lessivage, 2 couches d'émail satiné 9010",1.00,pce,, 	-   ,,,,,,,
,,SALLE DE BAIN,Humid,,,,,,,,,,,,
,,SALLE DE BAIN,Humid,,,,,,,,,,,,
248.,Sol,SALLE DE BAIN,Humid,"Piquage du sol, mise en sac  et évacuation des gravats, y compris taxes de recyclage",1.00,en bloc,0.00, 	-   ,,,,,,,
249.,Sol,SALLE DE BAIN,Humid,Préparation du support - enduisage - hors réfection ou exécution de nouvelle chape dans le cas d'une chape fusée,1.00,en bloc,-100.00, 	-100.00 ,,,,,,,
250.,Sol,SALLE DE BAIN,Humid,Exécution d'une niveline,0.00,m2,36.00, 	-   ,,,,,,,
251.,Sol,SALLE DE BAIN,Humid,Exécution d'un socle de douche à l'italienne,1.00,en bloc,450.00, 	450.00 ,,,,,,,
252.,Sol,SALLE DE BAIN,Humid,Façon de pente pour écoulement dans douche,1.00,en bloc,300.00, 	300.00 ,,,,,,,
253.,Sol,SALLE DE BAIN,Humid,"Exécution d'une imperméabilisation en 2 couches, première couche au rouleau et deuxième couche à la spatule, pour douche à l'italienne",1.00,en bloc,235.00, 	235.00 ,,,,,,,
254.,Sol,SALLE DE BAIN,Humid,"Exécution d'un fond d'adhérence type cermiface pour support bois, y compris toile fibrée et encollage sur support existant",1.00,en bloc,0.00, 	-   ,,45frs/m2,,,,,
255.,Sol,SALLE DE BAIN,Humid,Application d'une couche d'accrochage,1.00,m2,10.00, 	10.00 ,,,,,,,
256.,Sol,SALLE DE BAIN,Humid,"Fourniture et pose de pleine masse - gris anthracite format 30/30, pose droite, y compris exécution de joints ciment blancs - couleur gris anthracite (choix de base à 55fr/m2)",0.00,m2,105.00, 	-   ,,,,,,,
257.,Sol,SALLE DE BAIN,Humid,Fourniture de carrelage de type pleine masse - format 30/60 - (choix de base à 65frs/m2),0.00,m2,65.00, 	-   ,,0.3,0.6,,,,
258.,Sol,SALLE DE BAIN,Humid,"Marge de fourniture pour format dito, y compris chutes selon calepinage",0.00,m2,65.00, 	-   ,,,,,,,
259.,Sol,SALLE DE BAIN,Humid,"Pose de base dite pose droite, joints alignés de pleine masse dito, y compris exécution de joints ciment gris clair",0.00,m2,50.00, 	-   ,,,,,,,
260.,Sol,SALLE DE BAIN,Humid,"Plus-value de pose pour carreaux supérieurs à 30/30 mais hors format spécial, double encollage et réglage",0.00,m2,20.00, 	-   ,,,,,,,
261.,Sol,SALLE DE BAIN,Humid,Plus-value pour pose en pont de navire ou décalée,0.00,m2,0.00, 	-   ,,,,,,,
262.,Sol,SALLE DE BAIN,Humid,"Exécution de joints de couleur, nettoyage triple à l'eau chaude, y compris p-v de fourniture",0.00,m2,0.00, 	-   ,,,,,,,
263.,Sol,SALLE DE BAIN,Humid,"Exécution de joints de type époxy 2 composants, couleur à choix, exécution à l'eau chaude et la raclette de 5 cm joint par joint",0.00,m2,55.00, 	-   ,,,,,,,
264.,Sol,SALLE DE BAIN,Humid,Exécution de plinthes coupées dans carreaux de sol,0.00,ml,17.00, 	-   ,,6.66666666666667,ml,"30/60 ou 30/30 = 6,6ml de plinthes par m2 de fourn",,,
265.,Sol,SALLE DE BAIN,Humid,"Sciage des carreaux à la machine à eau, y compris mise à disposition de la machine, sciage des carreaux, séchage des carreaux avant pose, remplissage de la machine, vidage et nettoyage de la zone après travaux et protections",0.00,m2,0.00, 	-   ,,,,,,,
266.,Sol,SALLE DE BAIN,Humid,Pose et réglage de carrelage type pointe de diamant ou façon de pente dans la douche,1.00,en bloc,100.00, 	100.00 ,,,,,,,
,,SALLE DE BAIN,Humid,,,,,,,,,,,,
,,SALLE DE BAIN,Humid,,,,,,,,,,,,
267.,Ensemble,SALLE DE BAIN,Humid,Protections de sol de type Permafix ou plastique scotchée en périphérie y compris bandes à masquer pour peinture des boiseries et divers,1.00,forfait,, 	-   ,,,,,,,
268.,Ensemble,SALLE DE BAIN,Humid,"Fourniture et pose de seuil bombé de type aluminium 40mm, y compris découpe et ajustement",1.00,pc,45.00, 	45.00 ,,,,,,,
269.,Ensemble,SALLE DE BAIN,Humid,"Fourniture et pose de seuil en bois vernis, y compris découpe et ajustement",1.00,pc,75.00, 	75.00 ,,,,,,,
270.,Ensemble,SALLE DE BAIN,Humid,Fourniture et pose de turbinette de ventilation standard en plastique blanc,1.00,pc,35.00, 	35.00 ,,,,,,,
271.,Ensemble,SALLE DE BAIN,Humid,Fourniture et pose de turbinette de ventilation extra plate en inox,1.00,pc,85.00, 	85.00 ,,,,,,,
272.,Ensemble,SALLE DE BAIN,Humid,Exécution de silicones blancs - tous raccords verticaux et horizontaux,1.00,ml,13.00, 	13.00 ,,,,,,,
273.,Ensemble,SALLE DE BAIN,Humid,Exécution de silicones teintés - tous raccords verticaux et horizontaux,1.00,ml,17.00, 	17.00 ,,,,,,,
274.,Ensemble,SALLE DE BAIN,Humid,Fourniture et pose de baguettes d'angle en aluminium,1.00,ml,25.00, 	25.00 ,,,,,,,
275.,Ensemble,SALLE DE BAIN,Humid,Fourniture et pose de baguettes d'angle en plastique blanc,1.00,forfait,, 	-   ,,,,,,,
276.,Ensemble,SALLE DE BAIN,Humid,Frais de manutention pour carreaux fournis par le M.O. - Hors retrait chez fournisseur,1.00,forfait,, 	-   ,,,,,,,
277.,Ensemble,SALLE DE BAIN,Humid,Frais d'évacuation et de mise en décharge pour déchets résultant des travaux de carrelage suite matériel fourni par le client,1.00,forfait,, 	-   ,,,,,,,
278.,,,,,,,Sous total, 	6'813.00 ,,,,,,,
279.,Plafond,CUISINE,humid,"Pose de faux plafonds en placo vert double couche, y compris pose de treillis anti fissures",1.00,en bloc,120.00, 	120.00 ,,,,,,,
280.,Plafond,CUISINE,humid,Application d'une couche d'accrochage,1.00,en bloc,10.00, 	10.00 ,,,,,,,
281.,Plafond,CUISINE,humid,Lissage du support,1.00,en bloc,38.00, 	38.00 ,,,,,,,
282.,Plafond,CUISINE,humid,Application d'une couche de fond pour peinture sur nouveau support plâtre,1.00,en bloc,15.00, 	15.00 ,,,,,,,
283.,Plafond,CUISINE,humid,"Application de 2 couches de peinture émail, y compris préparation peintre",1.00,en bloc,0.00, 	-   ,,,,,,,
284.,Plafond,CUISINE,humid,Préparation peintre,,h,75.00, 	-   ,,,,,,,
285.,Plafond,CUISINE,humid,Application de 2 couches de peinture émail,1.00,m2,30.00, 	30.00 ,,,,,,,
286.,Plafond,CUISINE,humid,P-V pour fourniture et application d'une couche supplémentaire pour teinte claire de la peinture selon RAL ou NCS,47.20,m2,8.00, 	377.60 ,,,,,,,
,,CUISINE,humid,,,,,,,,,,,,
,,CUISINE,humid,,,,,,,,,,,,
287.,Murs,CUISINE,humid,"Piquage des murs, mise en sac  et évacuation des gravats, y compris taxes de recyclage",1.00,en bloc,50.00, 	50.00 ,,,,,,,
288.,Murs,CUISINE,humid,"Préparation du support, lissage",1.00,en bloc,-100.00, 	-100.00 ,,,,,,,
289.,Murs,CUISINE,humid,"Préparation du support, redressage pour pose de carreaux sup à 30/60",1.00,en bloc,0.00, 	-   ,,,,,,,
290.,Murs,CUISINE,humid,Rhabillages suite travaux de plomberie et d'électricité ,1.00,en bloc,500.00, 	500.00 ,,,,,,,
291.,Murs,CUISINE,humid,Application d'une couche d'accrochage,1.00,m2,10.00, 	10.00 ,,,,,,,
292.,Murs,CUISINE,humid,"Fourniture et pose de faïences 20/20 - blanches bombées, pose droite, y compris exécution de joints ciment blancs (choix de base à 35fr/m2)",0.00,m2,85.00, 	-   ,,,,,,,
293.,Murs,CUISINE,humid,Fourniture de carrelage de type pleine masse ou faïence murale - format 30/60 - (choix de base à 65frs/m2),0.00,m2,65.00, 	-   ,,,,,,,
294.,Murs,CUISINE,humid,"Marge de fourniture pour format dito, y compris chutes selon calepinage",0.00,m2,65.00, 	-   ,,,,,,,
295.,Murs,CUISINE,humid,"Pose de base dite pose droite, joints alignés de pleine masse dito, y compris exécution de joints ciment gris clair",0.00,m2,50.00, 	-   ,,,,,,,
296.,Murs,CUISINE,humid,"Plus-value de pose pour carreaux supérieurs à 20/20 mais hors format spécial, double encollage et réglage",0.00,m2,20.00, 	-   ,,,,,,,
297.,Murs,CUISINE,humid,Plus-value pour pose en pont de navire ou décalée,0.00,m2,0.00, 	-   ,,,,,,,
298.,Murs,CUISINE,humid,"Plus-value pour découpe et pose sur embrasure de fenêtre, y compris réglage",1.00,pcs,100.00, 	100.00 ,,,,,,,
299.,Murs,CUISINE,humid,"Plus-value pour exécution de joints de couleur, nettoyage triple à l'eau chaude, y compris p-v de fourniture",0.00,m2,0.00, 	-   ,,,,,,,
300.,Murs,CUISINE,humid,"Sciage des carreaux à la machine à eau, y compris mise à disposition de la machine, sciage des carreaux, séchage des carreaux avant pose, remplissage de la machine, vidage et nettoyage de la zone après travaux et protections",0.00,m2,0.00, 	-   ,,,,,,,
301.,Murs,CUISINE,humid,Préparation peintre,,h,75.00, 	-   ,,,,,,,
302.,Murs,CUISINE,humid,Application d'une couche d'accrochage pour lissage plâtre,0.00,m2,10.00, 	-   ,,,,,,,
303.,Murs,CUISINE,humid,"Lissage au plâtre en 3 passages pour finitions lisses, y compris ponçage entre les couches",0.00,m2,38.00, 	-   ,,,,,,,
304.,Murs,CUISINE,humid,Application d'une couche de fond pour peinture sur nouveau support plâtre,0.00,m2,15.00, 	-   ,,,,,,,
305.,Murs,CUISINE,humid,Application de 2 couches de peinture émail,0.00,m2,30.00, 	-   ,,,,,,,
,,CUISINE,humid,,,,,,,,,,,,
,,CUISINE,humid,,,,,,,,,,,,
306.,Boiseries & divers,CUISINE,humid,Préparation peintre,,h,75.00, 	-   ,,,,,,,
307.,Boiseries & divers,CUISINE,humid,"Porte  - lessivage, ponçage, masticage, 2 couches d'émail satiné 9010",1.00,en bloc,90.00, 	90.00 ,,,,,,,
308.,Boiseries & divers,CUISINE,humid,"Nouvelle porte - lessivage, ponç, mastic, 1c. de fond et 2 c d'émail satiné 9010",1.00,face,135.00, 	135.00 ,,,,,,,
309.,Boiseries & divers,CUISINE,humid,"Porte vitrée  - lessivage, ponçage, masticage, 2 couches d'émail satiné 9010",1.00,face,100.00, 	100.00 ,,,,,,,
310.,Boiseries & divers,CUISINE,humid,"Fenêtre côté intérieur - lessivage, ponçage, masticage, 2 couches d'émail satiné 9010",1.00,en bloc,, 	-   ,,,,,,,
311.,Boiseries & divers,CUISINE,humid,Caisson de store,1.00,en bloc,, 	-   ,,,,,,,
312.,Boiseries & divers,CUISINE,humid,Tablette de fenêtre,1.00,en bloc,, 	-   ,,,,,,,
313.,Boiseries & divers,CUISINE,humid,Encadrement de fenêtre et contre-cœur,1.00,en bloc,, 	-   ,,,,,,,
314.,Boiseries & divers,CUISINE,humid,"Armoire face ext. - lessivage, ponçage, masticage, 2 couches d'émail satiné 9010",1.00,en bloc,, 	-   ,,,,,,,
315.,Boiseries & divers,CUISINE,humid,Intérieur d'armoire - 2 couches de peintures,1.00,en bloc,350.00, 	350.00 ,,,,,,,
,,CUISINE,humid,,,,,,,,,,,,
,,CUISINE,humid,,,,,,,,,,,,
316.,Radiateur,CUISINE,humid,"Lessivage, 2 couches d'émail satiné 9010",1.00,pce,, 	-   ,,,,,,,
,,CUISINE,humid,,,,,,,,,,,,
317.,Tuyaux,CUISINE,humid,"Lessivage, 2 couches d'émail satiné 9010",,ml,9.00, 	-   ,,,,,,,
,,CUISINE,humid,,,,,,,,,,,,
318.,Radiateur & tuyaux,CUISINE,humid,"Lessivage, 2 couches d'émail satiné 9010",1.00,pce,, 	-   ,,,,,,,
,,CUISINE,humid,,,,,,,,,,,,
,,CUISINE,humid,,,,,,,,,,,,
319.,Sol,CUISINE,humid,"Piquage du sol, mise en sac  et évacuation des gravats, y compris taxes de recyclage",1.00,en bloc,0.00, 	-   ,,,,,,,
320.,Sol,CUISINE,humid,Préparation du support - enduisage ,1.00,en bloc,-100.00, 	-100.00 ,,,,,,,
321.,Sol,CUISINE,humid,Exécution d'une niveline,0.00,m2,36.00, 	-   ,,,,,,,
322.,Sol,CUISINE,humid,"Exécution d'un fond d'adhérence type cermiface pour support bois, y compris toile fibrée et encollage sur support existant",1.00,en bloc,0.00, 	-   ,,,,,,,
323.,Sol,CUISINE,humid,Application d'une couche d'accrochage,1.00,m2,10.00, 	10.00 ,,,,,,,
324.,Sol,CUISINE,humid,"Fourniture et pose de pleine masse - gris anthracite format 30/30, pose droite, y compris exécution de joints ciment blancs - gris anthracite (choix de base à 55fr/m2)",0.00,m2,105.00, 	-   ,,,,,,,
325.,Sol,CUISINE,humid,Fourniture de carrelage de type pleine masse - format 30/60 - (choix de base à 65frs/m2),0.00,m2,65.00, 	-   ,,,,,,,
326.,Sol,CUISINE,humid,"Marge de fourniture pour format dito, y compris chutes selon calepinage",0.00,m2,65.00, 	-   ,,,,,,,
327.,Sol,CUISINE,humid,"Pose de base dite pose droite, joints alignés de pleine masse dito, y compris exécution de joints ciment gris clair",0.00,m2,50.00, 	-   ,,,,,,,
328.,Sol,CUISINE,humid,"Plus-value de pose pour carreaux supérieurs à 30/30 mais hors format spécial, double encollage et réglage",0.00,m2,20.00, 	-   ,,,,,,,
329.,Sol,CUISINE,humid,Plus-value pour pose en pont de navire ou décalée,0.00,m2,0.00, 	-   ,,,,,,,
330.,Sol,CUISINE,humid,"Exécution de joints de couleur, nettoyage triple à l'eau chaude, y compris p-v de fourniture",0.00,m2,0.00, 	-   ,,,,,,,
331.,Sol,CUISINE,humid,"Exécution de joints de type époxy 2 composants, couleur à choix, exécution à l'eau chaude et la raclette de 5cm joint par joint",0.00,m2,55.00, 	-   ,,,,,,,
332.,Sol,CUISINE,humid,Exécution de plinthes coupées dans carreaux de sol,0.00,ml,17.00, 	-   ,,,ml,"30/60 ou 30/30 = 6,6ml de plinthes par m2 de fourn",,,
333.,Sol,CUISINE,humid,"Sciage des carreaux à la machine à eau, y compris mise à disposition de la machine, sciage des carreaux, séchage des carreaux avant pose, remplissage de la machine, vidage et nettoyage de la zone après travaux et protections",0.00,m2,0.00, 	-   ,,,,,,,
,,CUISINE,humid,,,,,,,,,,,,
,,CUISINE,humid,,,,,,,,,,,,
334.,Ensemble,CUISINE,humid,Protections de sol de type Permafix ou plastique scotchées en périphérie y compris bandes à masquer pour peinture des boiseries et divers,1.00,forfait,, 	-   ,,,,,,,
335.,Ensemble,CUISINE,humid,"Fourniture et pose de seuil bombé de type aluminium 40mm, y compris découpe et ajustement",1.00,pc,45.00, 	45.00 ,,,,,,,
336.,Ensemble,CUISINE,humid,"Fourniture et pose de seuil en bois vernis, y compris découpe et ajustement",1.00,pc,75.00, 	75.00 ,,,,,,,
337.,Ensemble,CUISINE,humid,Fourniture et pose de turbinette de ventilation standard en plastique blanc,1.00,pc,35.00, 	35.00 ,,,,,,,
338.,Ensemble,CUISINE,humid,Fourniture et pose de turbinette de ventilation extra plate en inox,1.00,pc,85.00, 	85.00 ,,,,,,,
339.,Ensemble,CUISINE,humid,Exécution de silicones blancs - tous raccords verticaux et horizontaux,1.00,ml,13.00, 	13.00 ,,,,,,,
340.,Ensemble,CUISINE,humid,Exécution de silicones teintés - tous raccords verticaux et horizontaux,1.00,ml,17.00, 	17.00 ,,,,,,,
341.,Ensemble,CUISINE,humid,Fourniture et pose de baguettes d'angle en aluminium,1.00,ml,25.00, 	25.00 ,,,,,,,
342.,Ensemble,CUISINE,humid,Fourniture et pose de baguettes d'angle en plastique blanc,1.00,forfait,, 	-   ,,,,,,,
343.,Ensemble,CUISINE,humid,Frais de manutention pour carreaux fournis par le M.O. - Hors retrait chez fournisseur,1.00,forfait,, 	-   ,,,,,,,
344.,Ensemble,CUISINE,humid,Faris d'évacuation et de mise en décharge pour déchets résultant des travaux de carrelage suite matériel fourni par le client,1.00,forfait,, 	-   ,,,,,,,
345.,,,,,,,Sous total, 	2'030.60 ,,,,,,,
346.,Radiateurs,SANITAIRE,Humid,"Dépose, réserve et repose des radiateurs pour permettre les travaux",1.00,forfait,286.00, 	286.00 ,, 	200.00 ,,1.43,,,
347.,Radiateurs,SANITAIRE,Humid,"Dépose, réserve et repose de grands radiateurs pour permettre les travaux",1.00,forfait,572.00, 	572.00 ,, 	400.00 ,,1.43,,,
348.,Radiateurs,SANITAIRE,Humid,F&P de vannes thermostatiques sur les radiateurs,1.00,pce,215.00, 	215.00 ,, 	150.00 ,,1.43,,,
,,SANITAIRE,Humid,,,,,,,,,1.43,,,
,,SANITAIRE,Humid,,,,,,,,,1.43,,,
349.,Raccordement évier de cuisine ,SANITAIRE,Humid,"Dépose existant, raccordement de batterie monotrou pour évier, siphon double pour évier, 1 robinet ""Siduo""  avec attente pour LV. Modification alimentations et écoulement. Position à définir selon plan de cuisine",1.00,forfait,1287.00, 	1'287.00 ,,900,,1.43,,,
,,SANITAIRE,Humid,,,,,,,,,1.43,,,
,,SANITAIRE,Humid,,,,,,,,,1.43,,,
350.,Salle de bains / douche,SANITAIRE,Humid,Dépose et débarras du lavabo et de sa batterie,1.00,forfait,286.00, 	286.00 ,,200.00,,1.43,,,
351.,Salle de bains / douche,SANITAIRE,Humid,Fourniture et pose d'un lavabo avec batterie et siphon chromé,1.00,forfait,1216.00, 	1'216.00 ,,850.00,,1.43,,,
352.,Salle de bains / douche,SANITAIRE,Humid,Dépose et débarras de la baignoire et de sa batterie,1.00,forfait,286.00, 	286.00 ,,200.00,,1.43,,,
353.,Salle de bains / douche,SANITAIRE,Humid,Fourniture et pose d'une baignoire 0.7x1.70 avec batterie,1.00,forfait,1573.00, 	1'573.00 ,,1'100.00,,1.43,,,
354.,Salle de bains / douche,SANITAIRE,Humid,Dépose et débarras de la douche existante et de sa batterie,1.00,forfait,286.00, 	286.00 ,,200.00,,1.43,,,
355.,Salle de bains / douche,SANITAIRE,Humid,Fourniture et pose d'un receveur de douche 80x80 avec batterie,1.00,forfait,1573.00, 	1'573.00 ,,1'100.00,,1.43,,,
356.,Salle de bains / douche,SANITAIRE,Humid,Fourniture et pose d'un receveur de douche 90x90 avec batterie,1.00,forfait,1716.00, 	1'716.00 ,,1'200.00,,1.43,,,
357.,Salle de bains / douche,SANITAIRE,Humid,Dépose et débarras des accessoires,1.00,forfait,286.00, 	286.00 ,,200.00,,1.43,,,
,Salle de bains / douche,SANITAIRE,Humid,Fourniture et pose d'accessoires :,,,,,,,,1.43,,,
358.,Salle de bains / douche,SANITAIRE,Humid,. barre d'appui,1.00,forfait,143.00, 	143.00 ,,100.00,,1.43,,,
359.,Salle de bains / douche,SANITAIRE,Humid,. barre à linge,1.00,forfait,143.00, 	143.00 ,,100.00,,1.43,,,
360.,Salle de bains / douche,SANITAIRE,Humid,. 2 portes serviettes droit et gauche,1.00,forfait,143.00, 	143.00 ,,100.00,,1.43,,,
361.,Salle de bains / douche,SANITAIRE,Humid,. 1 porte savon,1.00,forfait,115.00, 	115.00 ,,80.00,,1.43,,,
362.,Salle de bains / douche,SANITAIRE,Humid,. 1 porte verre,1.00,forfait,115.00, 	115.00 ,,80.00,,1.43,,,
363.,Salle de bains / douche,SANITAIRE,Humid,"1 robinet ""Siduo""  avec attente pour Lave-linge",1.00,forfait,401.00, 	401.00 ,,280,,1.43,,,
,,SANITAIRE,Humid,,,,,,,,,1.43,,,
,,SANITAIRE,Humid,,,,,,,,,1.43,,,
364.,WC,SANITAIRE,Humid,Dépose et débarras du WC,1.00,forfait,286.00, 	286.00 ,,200.00,,1.43,,,
365.,WC,SANITAIRE,Humid,Installation d'un WC mural avec réservoir encastré Geberit,1.00,forfait,1573.00, 	1'573.00 ,,1'100.00,,1.43,,,
366.,WC,SANITAIRE,Humid,Installation d'un WC posé au sol,1.00,forfait,1359.00, 	1'359.00 ,,950.00,,1.43,,,
,,SANITAIRE,Humid,,,,,,,,,1.43,,,
,,SANITAIRE,Humid,,,,,,,,,1.43,,,
367.,Conduites,SANITAIRE,Humid,"Modification conduites eau froide, chaude et écoulement selon nouvelle disposition des appareils et raccordement sur colonnes existantes de l’immeuble en courette, pose organes de fermeture indép. ",1.00,élément,3575.00, 	3'575.00 ,,2'500.00,,1.43,,,
368.,,,,,,,Sous total, 	17'435.00 ,,,,,,,
,,,,,,,,,,AMS,,,,,
369.,Tableau provisoire ,ÉLECTRICITÉ,"general,humid,dry","Installation d'un tableau provisoire pour la durée du chantier, entretien et dépose en fin des travaux",1.00,en bloc,258.00, 	258.00 ,,180.00,,1.43,,,
,,ÉLECTRICITÉ,"general,humid,dry",,,,,,,,,1.43,,,
,,ÉLECTRICITÉ,"general,humid,dry",,,,,,,,,1.43,,,
370.,Alimentation générale,ÉLECTRICITÉ,"general,humid,dry",Installation comprenant le tirage d'une ligne d'alimentation 5x6mm2 depuis le palier jusqu'au tableau de distribution. Raccordements sur le coupe-circuit existant palier et dans le tableau de distribution,1.00,en bloc,461.00, 	461.00 ,,321.80,,1.43,,,
,,ÉLECTRICITÉ,"general,humid,dry",,,,,,,,,1.43,,,
,,ÉLECTRICITÉ,"general,humid,dry",,,,,,,,,1.43,,,
371.,Alimentation générale avec planchette compteur,ÉLECTRICITÉ,"general,humid,dry",Installation comprenant le tirage d'une ligne d'alimentation 5x6mm2 depuis le palier jusqu'au tableau de distribution. Pose d'une planchette compteur dans l'appartement. Raccordements sur le coupe-circuit existant sur le palier et dans le tableau de distribution et planchette compteur,1.00,en bloc,790.00, 	790.00 ,,551.80,,1.43,,,
,,ÉLECTRICITÉ,"general,humid,dry",,,,,,,,,1.43,,,
,,ÉLECTRICITÉ,"general,humid,dry",,,,,,,,,1.43,,,
372.,Tableau divisionnaire,ÉLECTRICITÉ,"general,humid,dry",Remplacement du tableau à fusibles existant par un nouveau avec porte comprenant 1 disjoncteur 1x20A DDR 30mA cuisinière - 1 disjoncteur 1x13A DDR 30mA prises ménagères - 1 disjoncteur 1x13A DDR 30mA éclairage et prises. Raccordement et essais,1.00,en bloc,1351.00, 	1'351.00 ,,944.30,,1.43,,,
,,ÉLECTRICITÉ,"general,humid,dry",,,,,,,,,1.43,,,
,,ÉLECTRICITÉ,"general,humid,dry",,,,,,,,,1.43,,,
373.,Hall (version tubes existants encastrés),ÉLECTRICITÉ,"general,humid,dry","Retirage de l'ensemble des fils pour passer de 6A à 13A dans tubes existants encastrés. Remplacement d'un interrupteur, un point lumineux avec douille et ampoule et une prise triple",1.00,en bloc,437.00, 	437.00 ,,304.90,,1.43,,,
,,ÉLECTRICITÉ,"general,humid,dry",,,,,,,,,1.43,,,
,,ÉLECTRICITÉ,"general,humid,dry",,,,,,,,,1.43,,,
374.,Hall (version canal apparent),ÉLECTRICITÉ,"general,humid,dry","Retirage de l'ensemble des fils pour passer de 6A à 13A sous canal apparent. Remplacement d'un interrupteur, un point lumineux avec douille et ampoule et une prise triple",1.00,en bloc,758.00, 	758.00 ,,530.00,,1.43,,,
,,ÉLECTRICITÉ,"general,humid,dry",,,,,,,,,1.43,,,
,,ÉLECTRICITÉ,"general,humid,dry",,,,,,,,,1.43,,,
375.,Cuisine ,ÉLECTRICITÉ,"general,humid,dry","Installation comprenant: Retirage de l'ensemble des fils pour passer de 6A à 13A. Remplacement de l'interrupteur et d'un point lumineux avec ampoule. Gainage de la cuisine selon plan fourni par vos soins, avec une prise cuisinière, hotte, frigo, lave vaisselle, un éclairage sous meuble et une prise ménagère. ",1.00,en bloc,1988.00, 	1'988.00 ,,1'389.70,,1.43,,,
,,ÉLECTRICITÉ,"general,humid,dry",,,,,,,,,1.43,,,
,,ÉLECTRICITÉ,"general,humid,dry",,,,,,,,,1.43,,,
376.,Séjour ou chambre (version tubes existants encastrés),ÉLECTRICITÉ,"general,humid,dry","Retirage de l'ensemble des fils pour passer de 6A à 13A dans tubes existants encastrés. Remplacement de trois prises triples, un interrupteur et un point lumineux avec douille et ampoule",1.00,en bloc,836.00, 	836.00 ,,584.50,,1.43,,,
,,ÉLECTRICITÉ,"general,humid,dry",,,,,,,,,1.43,,,
,,ÉLECTRICITÉ,"general,humid,dry",,,,,,,,,1.43,,,
377.,Séjour ou chambre (version canal apparent),ÉLECTRICITÉ,"general,humid,dry","Retirage de l'ensemble des fils pour passer de 6A à 13A sous canal apparent. Remplacement de trois prises triples, un interrupteur et un point lumineux avec douille et ampoule",1.00,en bloc,1388.00, 	1'388.00 ,,970.00,,1.43,,,
,,ÉLECTRICITÉ,"general,humid,dry",,,,,,,,,1.43,,,
,,ÉLECTRICITÉ,"general,humid,dry",,,,,,,,,1.43,,,
378.,Salle de bain,ÉLECTRICITÉ,"general,humid,dry","Retirage de l'ensemble des fils pour passer de 6A à 13A dans tubes existants encastrés. Remplacement d'une prise électrique au-dessus du lavabo et d'un interrupteur. Fourniture d'une armoire à pharmacie standard avec luminaires et prise intégrée, y compris pose de l'armoire, raccordement et mise en fonction ",1.00,en bloc,1023.00, 	1'023.00 ,,714.90,,1.43,,,
,,ÉLECTRICITÉ,"general,humid,dry",,,,,,,,,1.43,,,
,,ÉLECTRICITÉ,"general,humid,dry",,,,,,,,,1.43,,,
379.,Contrôle et rapport de sécurité ,ÉLECTRICITÉ,"general,humid,dry",Contrôle de l'installation avec rapport de sécuprité et protocoles de mesures. ,1.00,en bloc,233.00, 	233.00 ,,162.40,,1.43,,,
,,ÉLECTRICITÉ,"general,humid,dry",,,,,,,,,1.43,,,
,,ÉLECTRICITÉ,"general,humid,dry",,,,,,,,,1.43,,,
380.,Ligne et prise téléphone,ÉLECTRICITÉ,"general,humid,dry",Tirage d'une ligne téléphone U72 1x4x0.5 depuis boîte d'introduction et pose d'une prise vers la prise TV,1.00,en bloc,367.00, 	367.00 ,,256.05,,1.43,,,
,,ÉLECTRICITÉ,"general,humid,dry",,,,,,,,,1.43,,,
,,ÉLECTRICITÉ,"general,humid,dry",,,,,,,,,1.43,,,
381.,Ligne et prise TV,ÉLECTRICITÉ,"general,humid,dry",Tirage d'une ligne TV depuis la colonne et pose prise TV dans le salon. ,1.00,en bloc,401.00, 	401.00 ,,280.00,,1.43,,,
,,ÉLECTRICITÉ,"general,humid,dry",,,,,,,,,1.43,,,
,,ÉLECTRICITÉ,"general,humid,dry",,,,,,,,,1.43,,,
,Appareillage,ÉLECTRICITÉ,"general,humid,dry",Remplacement de l'ensemble de l'appareillage des pièces sèches en Feller Edizio Due blanc. ,,,,,,,,1.43,,,
382.,Appareillage,ÉLECTRICITÉ,"general,humid,dry",. 1 pièce,1.00,en bloc,463.00, 	463.00 ,,323.75,,1.43,,,
383.,Appareillage,ÉLECTRICITÉ,"general,humid,dry",. 2 pièces,1.00,en bloc,700.00, 	700.00 ,,488.90,,1.43,,,
384.,Appareillage,ÉLECTRICITÉ,"general,humid,dry",. 3 pièces,1.00,en bloc,936.00, 	936.00 ,,654.05,,1.43,,,
385.,Appareillage,ÉLECTRICITÉ,"general,humid,dry",. 4 pièces,1.00,en bloc,1172.00, 	1'172.00 ,,819.20,,1.43,,,
386.,Appareillage,ÉLECTRICITÉ,"general,humid,dry",. 5 pièces,1.00,en bloc,1408.00, 	1'408.00 ,,984.35,,1.43,,,
387.,,,,,,,Sous total, 	14'970.00 ,,,,,,,
388.,Dépose de radiateur pour permettre les différents travaux de réfection - solution hors vannes d'arrêts,CHAUFFAGISTE,"general,humid,dry",Matériel - 1 bouteille de gel,1.00,en bloc,161.00, 	161.00 ,,112.00,,1.43,,,
389.,Dépose de radiateur pour permettre les différents travaux de réfection - solution hors vannes d'arrêts,CHAUFFAGISTE,"general,humid,dry","Main d'œuvre - Mise à l'arrêt du chauffage (Hors chaudière sous alarme), gel des tuyaux, dépose du radiateur pour permettre le travail des différents corps de métier, repose ultérieure après intervention - Budget pour 4 radiateurs",1.00,en bloc,2188.00, 	2'188.00 ,,1'530.00,,1.43,,,
,,CHAUFFAGISTE,"general,humid,dry",,,,,,,,,,,,
,,CHAUFFAGISTE,"general,humid,dry",,,,,,,,,,,,
390.,Dépose de radiateur pour permettre les différents travaux de réfection et pose de vannes d'arrêts - solution hors f & p de vannes thermostatiques,CHAUFFAGISTE,"general,humid,dry",Matériel - 1 bouteille de gel. Corps de vanne équerre ou/et droite et ballofix,1.00,en bloc,521.00, 	521.00 ,,364.00,,1.43,,,
391.,Dépose de radiateur pour permettre les différents travaux de réfection et pose de vannes d'arrêts - solution hors f & p de vannes thermostatiques,CHAUFFAGISTE,"general,humid,dry","Main d'œuvre - Mise à l'arrêt du chauffage (Hors chaudière sous alarme), gel des tuyaux, dépose du radiateur pour permettre le travail des différents corps de métier, évacuation du matériel défectueux et remplacement des vannes des radiateurs, repose ultérieure après intervention - Budget pour 3 radiateurs",1.00,en bloc,2746.00, 	2'746.00 ,,1'920.00,,1.43,,,
392.,,,,,,,Sous total, 	5'616.00 ,,,,,,,
393.,,CUISINISTE,humid,"Exécution sur mesure, fourniture et pose d'une cuisine agencée y compris appareils électroménagers type four, plaque de cuisson, réfrigérateur/congélateur, hotte de ventilation, évier inox - Meuble et caisse en panneaux mélaminés blancs crème clairs",1.00,en bloc,6500.00, 	6'500.00 ,Prix Cuisinelle HT, 	6'500.00 ,,,,,
394.,,CUISINISTE,humid,"Suivit de l'étude et du projet, montage, règlement des solutions techniques et suivit de facturations",10.00,%,6500.00, 	650.00 ,,,,,,,
395.,,,,,,,Sous total, 	7'150.00 ,,,,,,,
,,NETTOYAGE DE FIN DE CHANTIER,general,Aspirateur pour premier dépoussiérage,,,,,,,,,,,
,,NETTOYAGE DE FIN DE CHANTIER,general,Lessivage sol - parquet,,,,,,,,,,,
,,NETTOYAGE DE FIN DE CHANTIER,general,Nettoyage complet des sanitaires et surfaces carrelées,,,,,,,,,,,
,,NETTOYAGE DE FIN DE CHANTIER,general,Nettoyage des vitrages,,,,,,,,,,,
,,NETTOYAGE DE FIN DE CHANTIER,general,Nettoyage des armoires,,,,,,,,,,,
396.,,NETTOYAGE DE FIN DE CHANTIER,general,Salle d'eau ou cuisine,1.00,pièces,120.00, 	120.00 ,,,,,,,
397.,,NETTOYAGE DE FIN DE CHANTIER,general,"Chambre, séjour ou hall",1.00,pièces,150.00, 	150.00 ,,,,,,,
398.,,NETTOYAGE DE FIN DE CHANTIER,general,"Extérieur, terrasse ou entrée",1.00,pièces,100.00, 	100.00 ,,,,,,,
399.,,,,,,,Sous total, 	370.00 ,,,,,,,
400.,,,,,,,TOTAL H.T., 	370.00 ,,,,,,,
401.,,,,,,,T.V.A. 7.7%, 	28.50 ,,,,,,,
402.,,,,,,,TOTAL TTC, 	398.50 ,,,,,,,
403.,,,,,,,TOTAL H.T., 	370.00 ,,,,,,,
,,,,, ,,Rabais -3 %,,,,,,,,
,,,,,,,NOUVEAU SOUS TOTAL HT ,,,,,,,,
,,,,,,,ESCOMPTE -2%,,,,,,,,
,,,,,,,NOUVEAU SOUS TOTAL HT ,,,,,,,,
,,,,,,,PRORATA  -1.5%,,,,,,,,
,,,,,,,NOUVEAU SOUS TOTAL HT ,,,,,,,,
,,,,,,,NOUVEAU TOTAL H.T. ARRONDI ,,,,,,,,
,,,,,,,T.V.A. 7.7%,,,,,,,,
,,,,,,,TOTAL TTC,,,,,,,,
